{"cameraMode":{"drawMode":0,"name":"Shaded","section":"Shading Mode"},"sceneLighting":true,"audioPlay":false,"sceneViewState":{"showFog":true,"showMaterialUpdate":false,"showSkybox":true,"showFlares":true,"showImageEffects":true,"showParticleSystems":true},"in2DMode":false,"pivot":{"x":204.95623779296876,"y":-302.6513671875,"z":418.65692138671877},"rotation":{"x":-0.2756015658378601,"y":-0.22042283415794373,"z":0.06508488953113556,"w":-0.9333959817886353},"size":580.6790771484375,"orthographic":false}